position,wt_residue,shannon_entropy,pct_identity_to_wt,observed_residues,mean_grantham_distance,n_sequences
1,V,2.2318,58.16,V:82 (58.2%); A:13 (9.2%); S:12 (8.5%); M:9 (6.4%); P:6 (4.3%); T:6 (4.3%); L:4 (2.8%); G:4 (2.8%); K:2 (1.4%); Q:2 (1.4%); R:1 (0.7%),74.19,141
2,G,1.5365,1.41,R:108 (76.1%); L:9 (6.3%); K:6 (4.2%); P:4 (2.8%); Q:3 (2.1%); V:3 (2.1%); G:2 (1.4%); N:2 (1.4%); S:2 (1.4%); Y:1 (0.7%); A:1 (0.7%); M:1 (0.7%),120.47,142
3,S,2.6948,39.47,S:60 (39.5%); P:33 (21.7%); K:17 (11.2%); M:9 (5.9%); L:7 (4.6%); V:7 (4.6%); R:6 (3.9%); I:5 (3.3%); T:3 (2.0%); A:2 (1.3%); H:1 (0.7%); C:1 (0.7%); G:1 (0.7%),104.3,152
4,L,1.1557,80.52,L:124 (80.5%); I:12 (7.8%); F:6 (3.9%); M:6 (3.9%); V:3 (1.9%); W:1 (0.6%); P:1 (0.6%); T:1 (0.6%),20.97,154
5,N,1.3008,81.17,N:125 (81.2%); S:9 (5.8%); H:3 (1.9%); T:3 (1.9%); R:2 (1.3%); Y:2 (1.3%); A:2 (1.3%); K:2 (1.3%); I:2 (1.3%); E:1 (0.6%); G:1 (0.6%); L:1 (0.6%); V:1 (0.6%),82.31,154
6,C,2.3031,29.87,S:62 (40.3%); C:46 (29.9%); L:20 (13.0%); A:10 (6.5%); G:6 (3.9%); I:2 (1.3%); F:2 (1.3%); V:2 (1.3%); Y:1 (0.6%); E:1 (0.6%); M:1 (0.6%); P:1 (0.6%),145.62,154
7,I,0.7271,88.31,I:136 (88.3%); V:10 (6.5%); M:4 (2.6%); L:2 (1.3%); A:1 (0.6%); E:1 (0.6%),31.56,154
8,V,1.0406,78.57,V:121 (78.6%); A:24 (15.6%); W:5 (3.2%); F:1 (0.6%); M:1 (0.6%); Y:1 (0.6%); L:1 (0.6%),64.67,154
9,A,0.269,96.75,A:149 (96.8%); G:2 (1.3%); K:1 (0.6%); F:1 (0.6%); L:1 (0.6%),87.0,154
10,V,1.3218,79.22,V:122 (79.2%); A:10 (6.5%); M:8 (5.2%); K:3 (1.9%); S:2 (1.3%); T:2 (1.3%); I:2 (1.3%); Q:2 (1.3%); C:1 (0.6%); L:1 (0.6%); E:1 (0.6%),65.0,154
11,S,1.9588,34.42,C:71 (46.1%); S:53 (34.4%); D:13 (8.4%); A:6 (3.9%); T:5 (3.2%); G:2 (1.3%); L:1 (0.6%); K:1 (0.6%); E:1 (0.6%); R:1 (0.6%),101.48,154
12,Q,1.9135,64.94,Q:100 (64.9%); P:20 (13.0%); E:10 (6.5%); A:5 (3.2%); S:4 (2.6%); K:4 (2.6%); R:4 (2.6%); N:3 (1.9%); G:1 (0.6%); T:1 (0.6%); W:1 (0.6%); D:1 (0.6%),62.57,154
13,N,1.2349,79.35,N:123 (79.4%); D:14 (9.0%); E:7 (4.5%); K:3 (1.9%); A:3 (1.9%); S:1 (0.6%); C:1 (0.6%); H:1 (0.6%); R:1 (0.6%); T:1 (0.6%),51.09,155
14,M,1.6231,71.79,M:112 (71.8%); G:16 (10.3%); L:9 (5.8%); R:5 (3.2%); F:4 (2.6%); W:3 (1.9%); K:2 (1.3%); N:2 (1.3%); S:1 (0.6%); A:1 (0.6%); Q:1 (0.6%),84.75,156
15,G,0.5413,92.31,G:144 (92.3%); V:5 (3.2%); L:4 (2.6%); T:1 (0.6%); F:1 (0.6%); E:1 (0.6%),117.25,156
16,I,0.279,96.79,I:151 (96.8%); P:1 (0.6%); Q:1 (0.6%); F:1 (0.6%); L:1 (0.6%); S:1 (0.6%),74.4,156
17,G,0.1548,98.08,G:153 (98.1%); S:2 (1.3%); A:1 (0.6%),57.33,156
18,K,1.7588,73.08,K:114 (73.1%); N:10 (6.4%); V:5 (3.2%); R:5 (3.2%); C:4 (2.6%); L:4 (2.6%); I:3 (1.9%); A:2 (1.3%); Q:2 (1.3%); F:2 (1.3%); P:1 (0.6%); H:1 (0.6%); S:1 (0.6%); M:1 (0.6%); E:1 (0.6%),95.86,156
19,N,1.9795,41.67,N:65 (41.7%); D:63 (40.4%); K:9 (5.8%); G:7 (4.5%); A:3 (1.9%); E:3 (1.9%); R:2 (1.3%); L:1 (0.6%); S:1 (0.6%); V:1 (0.6%); Q:1 (0.6%),42.46,156
20,G,0.7739,89.1,G:139 (89.1%); N:6 (3.8%); S:3 (1.9%); P:2 (1.3%); E:2 (1.3%); D:2 (1.3%); A:1 (0.6%); M:1 (0.6%),76.65,156
21,D,3.0828,24.68,D:39 (24.7%); S:36 (22.8%); N:22 (13.9%); R:18 (11.4%); T:10 (6.3%); Q:7 (4.4%); K:6 (3.8%); G:5 (3.2%); E:4 (2.5%); V:3 (1.9%); H:3 (1.9%); Y:2 (1.3%); A:2 (1.3%); L:1 (0.6%),71.85,158
23,P,0.1532,98.1,P:155 (98.1%); S:2 (1.3%); A:1 (0.6%),58.33,158
24,W,0.1909,97.47,W:154 (97.5%); C:3 (1.9%); F:1 (0.6%),171.25,158
25,P,1.1091,80.16,P:101 (80.2%); H:14 (11.1%); F:5 (4.0%); G:2 (1.6%); Y:1 (0.8%); V:1 (0.8%); K:1 (0.8%); S:1 (0.8%),83.48,126
26,P,1.4963,75.84,P:135 (75.8%); R:15 (8.4%); L:5 (2.8%); N:4 (2.2%); H:4 (2.2%); S:4 (2.2%); M:4 (2.2%); K:3 (1.7%); T:2 (1.1%); F:1 (0.6%); V:1 (0.6%),91.12,178
27,L,1.5126,70.39,L:126 (70.4%); G:25 (14.0%); I:13 (7.3%); V:6 (3.4%); A:4 (2.2%); K:2 (1.1%); Y:1 (0.6%); T:1 (0.6%); F:1 (0.6%),84.06,179
28,R,1.099,80.43,R:148 (80.4%); K:18 (9.8%); P:11 (6.0%); A:2 (1.1%); H:1 (0.5%); S:1 (0.5%); M:1 (0.5%); T:1 (0.5%); I:1 (0.5%),61.75,184
29,N,1.3398,79.03,N:147 (79.0%); K:11 (5.9%); G:7 (3.8%); S:6 (3.2%); A:6 (3.2%); Q:2 (1.1%); V:2 (1.1%); E:2 (1.1%); T:1 (0.5%); R:1 (0.5%); D:1 (0.5%),80.82,186
30,E,0.5181,90.32,E:168 (90.3%); D:16 (8.6%); S:1 (0.5%); V:1 (0.5%),51.17,186
32,R,1.4087,4.23,K:146 (77.2%); A:14 (7.4%); R:8 (4.2%); Q:8 (4.2%); N:4 (2.1%); G:2 (1.1%); L:2 (1.1%); T:1 (0.5%); S:1 (0.5%); D:1 (0.5%); H:1 (0.5%); E:1 (0.5%),37.93,189
33,Y,1.2461,75.92,Y:145 (75.9%); H:25 (13.1%); F:13 (6.8%); Q:2 (1.0%); L:2 (1.0%); R:1 (0.5%); W:1 (0.5%); I:1 (0.5%); A:1 (0.5%),62.83,191
34,F,0.0472,99.48,F:190 (99.5%); M:1 (0.5%),28.0,191
36,R,1.3991,75.92,R:145 (75.9%); K:21 (11.0%); T:6 (3.1%); S:5 (2.6%); E:5 (2.6%); A:4 (2.1%); D:1 (0.5%); L:1 (0.5%); Y:1 (0.5%); N:1 (0.5%); Q:1 (0.5%),57.48,191
37,M,1.1773,81.73,M:161 (81.7%); T:9 (4.6%); L:7 (3.6%); I:7 (3.6%); V:6 (3.0%); K:2 (1.0%); A:2 (1.0%); Q:2 (1.0%); H:1 (0.5%),46.58,197
38,T,0.3479,95.43,T:188 (95.4%); I:4 (2.0%); L:3 (1.5%); E:1 (0.5%); S:1 (0.5%),83.89,197
39,T,1.8406,29.73,S:97 (52.4%); T:55 (29.7%); M:13 (7.0%); K:9 (4.9%); I:4 (2.2%); A:4 (2.2%); R:2 (1.1%); V:1 (0.5%),62.92,185
40,T,1.3326,80.77,T:147 (80.8%); K:7 (3.8%); V:6 (3.3%); R:5 (2.7%); E:4 (2.2%); N:3 (1.6%); G:2 (1.1%); A:2 (1.1%); C:2 (1.1%); S:1 (0.5%); L:1 (0.5%); M:1 (0.5%); P:1 (0.5%),73.46,182
41,S,1.6837,63.54,S:115 (63.5%); P:28 (15.5%); T:19 (10.5%); A:9 (5.0%); V:7 (3.9%); L:2 (1.1%); I:1 (0.6%),81.29,181
42,S,2.565,30.39,S:55 (30.4%); H:46 (25.4%); R:43 (23.8%); T:15 (8.3%); Q:5 (2.8%); A:5 (2.8%); M:2 (1.1%); E:2 (1.1%); I:2 (1.1%); D:1 (0.6%); Y:1 (0.6%); C:1 (0.6%); L:1 (0.6%); P:1 (0.6%); K:1 (0.6%),94.48,181
43,V,1.4471,76.92,V:140 (76.9%); D:15 (8.2%); S:5 (2.7%); A:5 (2.7%); E:5 (2.7%); T:3 (1.6%); Q:3 (1.6%); M:2 (1.1%); C:1 (0.5%); L:1 (0.5%); I:1 (0.5%); H:1 (0.5%),111.88,182
44,E,1.254,76.92,E:140 (76.9%); P:19 (10.4%); K:12 (6.6%); A:5 (2.7%); S:3 (1.6%); Q:1 (0.5%); V:1 (0.5%); N:1 (0.5%),81.1,182
45,G,0.7949,88.04,G:162 (88.0%); N:6 (3.3%); S:6 (3.3%); A:4 (2.2%); D:4 (2.2%); T:2 (1.1%),70.45,184
46,K,0.8034,89.85,K:177 (89.8%); L:4 (2.0%); R:3 (1.5%); E:3 (1.5%); M:2 (1.0%); Y:2 (1.0%); S:1 (0.5%); Q:1 (0.5%); T:1 (0.5%); A:1 (0.5%); N:1 (0.5%); V:1 (0.5%),79.15,197
47,Q,1.3402,79.19,Q:156 (79.2%); K:13 (6.6%); R:9 (4.6%); N:5 (2.5%); G:4 (2.0%); V:3 (1.5%); M:1 (0.5%); I:1 (0.5%); D:1 (0.5%); S:1 (0.5%); P:1 (0.5%); F:1 (0.5%); H:1 (0.5%),60.9,197
48,N,0.4702,93.91,N:185 (93.9%); Q:5 (2.5%); H:2 (1.0%); K:2 (1.0%); M:1 (0.5%); A:1 (0.5%); D:1 (0.5%),69.17,197
49,L,1.6079,19.29,A:117 (59.4%); L:38 (19.3%); V:35 (17.8%); W:2 (1.0%); T:1 (0.5%); P:1 (0.5%); N:1 (0.5%); I:1 (0.5%); D:1 (0.5%),81.72,197
50,V,1.2195,52.79,V:104 (52.8%); L:85 (43.1%); I:7 (3.6%); M:1 (0.5%),31.66,197
51,I,0.8157,84.0,I:168 (84.0%); V:19 (9.5%); L:12 (6.0%); T:1 (0.5%),21.88,200
52,M,0.3185,96.0,M:192 (96.0%); V:3 (1.5%); L:2 (1.0%); I:2 (1.0%); W:1 (0.5%),22.5,200
53,G,0.0,100.0,G:200 (100.0%),,200
54,K,1.1111,49.0,R:99 (49.5%); K:98 (49.0%); S:2 (1.0%); A:1 (0.5%),28.65,200
55,K,0.7703,87.5,K:175 (87.5%); R:16 (8.0%); N:3 (1.5%); V:2 (1.0%); T:1 (0.5%); L:1 (0.5%); G:1 (0.5%); A:1 (0.5%),52.4,200
56,T,0.2319,97.0,T:194 (97.0%); C:4 (2.0%); V:1 (0.5%); S:1 (0.5%),120.5,200
57,W,0.5233,91.5,W:183 (91.5%); Y:10 (5.0%); F:6 (3.0%); L:1 (0.5%),39.47,200
58,F,0.8477,83.0,F:166 (83.0%); E:26 (13.0%); D:4 (2.0%); L:3 (1.5%); V:1 (0.5%),131.29,200
59,S,0.5177,91.96,S:183 (92.0%); G:9 (4.5%); C:4 (2.0%); A:3 (1.5%),78.06,199
60,I,0.6562,89.95,I:179 (89.9%); L:8 (4.0%); V:6 (3.0%); M:4 (2.0%); F:2 (1.0%),14.8,199
61,P,0.094,98.96,P:190 (99.0%); N:1 (0.5%); G:1 (0.5%),66.5,192
62,E,0.866,87.23,E:164 (87.2%); A:11 (5.9%); K:3 (1.6%); Q:2 (1.1%); D:2 (1.1%); P:2 (1.1%); S:2 (1.1%); V:1 (0.5%); I:1 (0.5%),87.25,188
63,K,0.9848,84.57,K:159 (84.6%); R:10 (5.3%); S:7 (3.7%); Q:6 (3.2%); T:2 (1.1%); A:2 (1.1%); H:1 (0.5%); E:1 (0.5%),64.86,188
65,R,0.3299,95.98,R:191 (96.0%); K:3 (1.5%); G:2 (1.0%); T:1 (0.5%); A:1 (0.5%); P:1 (0.5%),76.75,199
66,P,0.3285,96.0,P:192 (96.0%); V:3 (1.5%); A:2 (1.0%); Y:1 (0.5%); K:1 (0.5%); L:1 (0.5%),71.12,200
67,L,0.2519,97.0,L:194 (97.0%); Y:2 (1.0%); F:2 (1.0%); I:1 (0.5%); K:1 (0.5%),38.0,200
68,K,1.1516,81.5,K:163 (81.5%); P:17 (8.5%); S:5 (2.5%); A:4 (2.0%); N:3 (1.5%); Q:3 (1.5%); E:2 (1.0%); C:1 (0.5%); G:1 (0.5%); T:1 (0.5%),101.08,200
69,G,1.5085,10.5,D:133 (66.5%); N:34 (17.0%); G:21 (10.5%); E:6 (3.0%); K:4 (2.0%); V:1 (0.5%); Q:1 (0.5%),92.26,200
70,R,0.1361,98.5,R:197 (98.5%); T:1 (0.5%); K:1 (0.5%); Y:1 (0.5%),58.0,200
71,I,1.1657,82.0,I:164 (82.0%); L:12 (6.0%); V:10 (5.0%); K:3 (1.5%); R:2 (1.0%); N:2 (1.0%); E:2 (1.0%); T:2 (1.0%); M:1 (0.5%); F:1 (0.5%); H:1 (0.5%),47.75,200
72,N,0.4775,94.5,N:189 (94.5%); Y:2 (1.0%); T:2 (1.0%); H:1 (0.5%); M:1 (0.5%); K:1 (0.5%); R:1 (0.5%); S:1 (0.5%); I:1 (0.5%); V:1 (0.5%),103.09,200
73,L,1.1273,7.5,I:158 (79.0%); V:19 (9.5%); L:15 (7.5%); M:4 (2.0%); A:2 (1.0%); F:1 (0.5%); Y:1 (0.5%),9.23,200
74,V,0.3724,93.5,V:187 (93.5%); I:12 (6.0%); L:1 (0.5%),29.23,200
75,L,0.4761,93.0,L:186 (93.0%); V:7 (3.5%); I:5 (2.5%); F:1 (0.5%); G:1 (0.5%),29.21,200
76,S,0.474,91.5,S:183 (91.5%); T:15 (7.5%); R:1 (0.5%); A:1 (0.5%),63.47,200
77,R,0.9359,85.5,R:171 (85.5%); K:10 (5.0%); T:7 (3.5%); S:6 (3.0%); H:3 (1.5%); Q:1 (0.5%); G:1 (0.5%); N:1 (0.5%),60.62,200
78,E,1.6286,72.0,E:144 (72.0%); D:11 (5.5%); T:11 (5.5%); Q:11 (5.5%); N:11 (5.5%); K:5 (2.5%); S:3 (1.5%); A:2 (1.0%); G:1 (0.5%); H:1 (0.5%),51.12,200
79,L,1.2532,83.0,L:166 (83.0%); E:5 (2.5%); P:4 (2.0%); A:4 (2.0%); C:4 (2.0%); M:3 (1.5%); Q:3 (1.5%); G:3 (1.5%); F:2 (1.0%); V:2 (1.0%); R:1 (0.5%); H:1 (0.5%); I:1 (0.5%); T:1 (0.5%),101.82,200
80,K,1.7415,75.0,K:150 (75.0%); T:8 (4.0%); R:6 (3.0%); N:6 (3.0%); A:5 (2.5%); D:4 (2.0%); Q:4 (2.0%); L:3 (1.5%); S:3 (1.5%); P:2 (1.0%); E:2 (1.0%); M:1 (0.5%); H:1 (0.5%); W:1 (0.5%); V:1 (0.5%); Y:1 (0.5%); F:1 (0.5%); I:1 (0.5%),82.3,200
81,E,1.7195,74.5,E:149 (74.5%); T:8 (4.0%); D:7 (3.5%); A:7 (3.5%); Y:7 (3.5%); V:4 (2.0%); Q:3 (1.5%); S:3 (1.5%); K:3 (1.5%); F:2 (1.0%); N:2 (1.0%); P:1 (0.5%); R:1 (0.5%); I:1 (0.5%); L:1 (0.5%); H:1 (0.5%),83.14,200
82,P,2.4852,25.64,T:84 (43.1%); P:50 (25.6%); A:22 (11.3%); V:7 (3.6%); I:7 (3.6%); L:6 (3.1%); R:4 (2.1%); Q:4 (2.1%); N:3 (1.5%); Y:2 (1.0%); E:2 (1.0%); S:2 (1.0%); D:1 (0.5%); K:1 (0.5%),50.13,195
83,P,0.762,89.8,P:176 (89.8%); A:6 (3.1%); S:4 (2.0%); T:3 (1.5%); N:2 (1.0%); R:1 (0.5%); K:1 (0.5%); E:1 (0.5%); F:1 (0.5%); I:1 (0.5%),63.1,196
84,Q,2.2597,16.16,K:103 (52.0%); Q:32 (16.2%); E:27 (13.6%); A:9 (4.5%); S:7 (3.5%); D:7 (3.5%); R:3 (1.5%); P:3 (1.5%); H:3 (1.5%); N:2 (1.0%); T:2 (1.0%),51.62,198
85,G,0.7061,90.16,G:174 (90.2%); D:8 (4.1%); E:4 (2.1%); R:2 (1.0%); H:1 (0.5%); A:1 (0.5%); P:1 (0.5%); T:1 (0.5%); N:1 (0.5%),91.21,193
86,A,0.9894,85.95,A:159 (85.9%); V:7 (3.8%); N:5 (2.7%); D:3 (1.6%); P:3 (1.6%); K:3 (1.6%); E:2 (1.1%); S:1 (0.5%); M:1 (0.5%); L:1 (0.5%),87.42,185
87,H,1.1379,82.47,H:160 (82.5%); V:15 (7.7%); A:4 (2.1%); D:3 (1.5%); T:3 (1.5%); C:2 (1.0%); L:2 (1.0%); S:2 (1.0%); Q:1 (0.5%); Y:1 (0.5%); M:1 (0.5%),85.47,194
88,F,2.0682,19.5,Y:116 (58.0%); F:39 (19.5%); H:11 (5.5%); L:9 (4.5%); V:9 (4.5%); I:5 (2.5%); K:3 (1.5%); M:2 (1.0%); E:1 (0.5%); R:1 (0.5%); T:1 (0.5%); D:1 (0.5%); Q:1 (0.5%); A:1 (0.5%),34.24,200
89,L,0.9624,83.0,L:166 (83.0%); V:23 (11.5%); I:4 (2.0%); S:1 (0.5%); A:1 (0.5%); W:1 (0.5%); Y:1 (0.5%); F:1 (0.5%); C:1 (0.5%); T:1 (0.5%),41.35,200
90,S,1.8676,48.0,S:96 (48.0%); A:73 (36.5%); V:10 (5.0%); C:7 (3.5%); F:5 (2.5%); I:3 (1.5%); Y:2 (1.0%); N:1 (0.5%); T:1 (0.5%); E:1 (0.5%); M:1 (0.5%),106.34,200
91,R,2.2078,10.0,K:119 (59.5%); R:20 (10.0%); S:14 (7.0%); P:11 (5.5%); H:8 (4.0%); Q:7 (3.5%); D:6 (3.0%); N:6 (3.0%); T:3 (1.5%); G:3 (1.5%); A:3 (1.5%),46.2,200
92,S,1.0169,81.5,S:163 (81.5%); D:24 (12.0%); T:4 (2.0%); G:3 (1.5%); N:3 (1.5%); Q:1 (0.5%); C:1 (0.5%); E:1 (0.5%),63.73,200
93,L,0.9659,81.5,L:163 (81.5%); F:25 (12.5%); I:7 (3.5%); V:2 (1.0%); M:1 (0.5%); P:1 (0.5%); Y:1 (0.5%),21.57,200
94,D,1.6907,70.5,D:141 (70.5%); E:20 (10.0%); S:16 (8.0%); P:4 (2.0%); T:4 (2.0%); N:4 (2.0%); Q:3 (1.5%); A:3 (1.5%); I:1 (0.5%); Y:1 (0.5%); G:1 (0.5%); K:1 (0.5%); W:1 (0.5%),68.97,200
95,D,1.6988,68.84,D:137 (68.8%); S:22 (11.1%); E:17 (8.5%); A:8 (4.0%); G:5 (2.5%); H:2 (1.0%); K:2 (1.0%); T:2 (1.0%); Q:1 (0.5%); L:1 (0.5%); P:1 (0.5%); N:1 (0.5%),73.73,199
96,A,0.4825,94.0,A:188 (94.0%); V:4 (2.0%); G:2 (1.0%); F:2 (1.0%); S:1 (0.5%); I:1 (0.5%); P:1 (0.5%); L:1 (0.5%),76.5,200
97,L,0.7753,87.5,L:175 (87.5%); I:10 (5.0%); M:9 (4.5%); V:4 (2.0%); H:1 (0.5%); F:1 (0.5%),17.36,200
98,K,2.5523,19.0,A:93 (46.5%); K:38 (19.0%); R:15 (7.5%); D:11 (5.5%); S:9 (4.5%); E:8 (4.0%); V:7 (3.5%); Q:7 (3.5%); T:6 (3.0%); H:3 (1.5%); L:2 (1.0%); N:1 (0.5%),91.47,200
99,L,1.2149,84.0,L:168 (84.0%); I:5 (2.5%); W:4 (2.0%); K:3 (1.5%); M:3 (1.5%); H:3 (1.5%); V:2 (1.0%); E:2 (1.0%); R:2 (1.0%); S:2 (1.0%); Y:2 (1.0%); T:1 (0.5%); A:1 (0.5%); F:1 (0.5%); P:1 (0.5%),67.06,200
100,T,1.5307,4.52,L:137 (68.8%); I:31 (15.6%); T:9 (4.5%); V:9 (4.5%); A:8 (4.0%); Y:4 (2.0%); G:1 (0.5%),88.82,199
101,E,1.9188,24.75,D:116 (58.6%); E:49 (24.7%); S:9 (4.5%); Q:6 (3.0%); K:4 (2.0%); N:2 (1.0%); H:2 (1.0%); G:2 (1.0%); Y:2 (1.0%); M:1 (0.5%); A:1 (0.5%); T:1 (0.5%); R:1 (0.5%); P:1 (0.5%); L:1 (0.5%),50.5,198
102,Q,2.2802,17.09,S:110 (55.3%); Q:34 (17.1%); T:14 (7.0%); E:11 (5.5%); D:9 (4.5%); N:5 (2.5%); G:3 (1.5%); L:3 (1.5%); V:2 (1.0%); K:2 (1.0%); A:2 (1.0%); C:1 (0.5%); R:1 (0.5%); M:1 (0.5%); H:1 (0.5%),64.05,199
103,P,1.5631,77.89,P:148 (77.9%); A:7 (3.7%); L:5 (2.6%); Q:4 (2.1%); S:4 (2.1%); E:4 (2.1%); H:3 (1.6%); G:3 (1.6%); T:3 (1.6%); R:3 (1.6%); V:1 (0.5%); M:1 (0.5%); I:1 (0.5%); F:1 (0.5%); K:1 (0.5%); N:1 (0.5%),71.17,190
104,E,1.0444,84.57,E:159 (84.6%); P:11 (5.9%); D:5 (2.7%); G:3 (1.6%); S:3 (1.6%); T:2 (1.1%); I:1 (0.5%); N:1 (0.5%); L:1 (0.5%); K:1 (0.5%); F:1 (0.5%),83.52,188
105,L,0.6492,91.62,L:164 (91.6%); F:4 (2.2%); M:3 (1.7%); I:2 (1.1%); Y:2 (1.1%); V:1 (0.6%); E:1 (0.6%); D:1 (0.6%); T:1 (0.6%),43.27,179
106,A,2.2477,19.66,K:96 (53.9%); A:35 (19.7%); T:10 (5.6%); S:9 (5.1%); E:7 (3.9%); V:6 (3.4%); Q:4 (2.2%); N:4 (2.2%); R:2 (1.1%); G:2 (1.1%); L:2 (1.1%); F:1 (0.6%),99.56,178
107,N,2.0553,18.99,S:102 (57.0%); N:34 (19.0%); D:16 (8.9%); E:9 (5.0%); A:5 (2.8%); K:4 (2.2%); H:2 (1.1%); G:2 (1.1%); T:2 (1.1%); R:1 (0.6%); L:1 (0.6%); Q:1 (0.6%),48.83,179
108,K,1.5209,76.44,K:146 (76.4%); Q:14 (7.3%); E:6 (3.1%); T:6 (3.1%); R:4 (2.1%); V:3 (1.6%); N:2 (1.0%); S:2 (1.0%); L:2 (1.0%); D:2 (1.0%); P:2 (1.0%); H:1 (0.5%); I:1 (0.5%),69.49,191
109,V,1.3659,76.5,V:153 (76.5%); I:23 (11.5%); A:7 (3.5%); T:4 (2.0%); E:3 (1.5%); D:3 (1.5%); S:2 (1.0%); G:2 (1.0%); P:1 (0.5%); L:1 (0.5%); N:1 (0.5%),61.89,200
110,D,1.0677,82.0,D:164 (82.0%); E:19 (9.5%); K:5 (2.5%); G:3 (1.5%); Q:3 (1.5%); N:3 (1.5%); S:2 (1.0%); P:1 (0.5%),59.22,200
111,M,2.1097,64.0,M:128 (64.0%); Q:18 (9.0%); T:10 (5.0%); K:8 (4.0%); N:7 (3.5%); R:6 (3.0%); L:6 (3.0%); E:5 (2.5%); V:3 (1.5%); D:3 (1.5%); H:3 (1.5%); I:2 (1.0%); S:1 (0.5%),91.76,200
112,V,0.8428,85.5,V:171 (85.5%); I:17 (8.5%); L:6 (3.0%); T:3 (1.5%); A:2 (1.0%); C:1 (0.5%),41.79,200
113,W,0.7855,87.0,W:174 (87.0%); F:15 (7.5%); V:4 (2.0%); Y:4 (2.0%); I:2 (1.0%); S:1 (0.5%),53.81,200
114,I,0.9297,79.5,I:159 (79.5%); V:33 (16.5%); N:5 (2.5%); L:2 (1.0%); A:1 (0.5%),44.05,200
115,V,1.3398,62.5,V:125 (62.5%); I:63 (31.5%); L:3 (1.5%); A:3 (1.5%); S:2 (1.0%); C:2 (1.0%); M:1 (0.5%); T:1 (0.5%),37.83,200
116,G,0.0,100.0,G:200 (100.0%),,200
117,G,0.0,100.0,G:200 (100.0%),,200
118,S,1.8959,41.5,T:85 (42.5%); S:83 (41.5%); A:14 (7.0%); G:5 (2.5%); N:3 (1.5%); E:2 (1.0%); R:2 (1.0%); K:2 (1.0%); V:1 (0.5%); F:1 (0.5%); Q:1 (0.5%); Y:1 (0.5%),67.07,200
119,S,1.177,82.0,S:164 (82.0%); E:11 (5.5%); A:7 (3.5%); Q:6 (3.0%); R:3 (1.5%); G:3 (1.5%); N:2 (1.0%); D:2 (1.0%); Y:1 (0.5%); T:1 (0.5%),80.64,200
120,V,1.0312,77.0,V:154 (77.0%); L:27 (13.5%); I:18 (9.0%); P:1 (0.5%),31.61,200
121,Y,0.2747,96.0,Y:192 (96.0%); F:6 (3.0%); L:2 (1.0%),25.5,200
122,K,1.1371,83.5,K:167 (83.5%); E:8 (4.0%); R:8 (4.0%); A:3 (1.5%); T:3 (1.5%); Q:3 (1.5%); D:2 (1.0%); N:2 (1.0%); S:2 (1.0%); I:1 (0.5%); L:1 (0.5%),66.91,200
123,E,1.6131,35.68,A:106 (53.3%); E:71 (35.7%); L:9 (4.5%); D:5 (2.5%); S:3 (1.5%); I:2 (1.0%); Q:2 (1.0%); M:1 (0.5%),105.48,199
124,A,0.996,84.92,A:169 (84.9%); L:8 (4.0%); V:6 (3.0%); F:5 (2.5%); T:5 (2.5%); M:4 (2.0%); G:1 (0.5%); S:1 (0.5%),83.4,199
125,M,0.855,85.35,M:169 (85.4%); L:18 (9.1%); I:6 (3.0%); W:1 (0.5%); V:1 (0.5%); Y:1 (0.5%); K:1 (0.5%); E:1 (0.5%),23.28,198
126,N,2.0481,14.14,E:122 (61.6%); N:28 (14.1%); D:18 (9.1%); A:6 (3.0%); Q:5 (2.5%); S:4 (2.0%); P:3 (1.5%); V:2 (1.0%); L:2 (1.0%); R:2 (1.0%); T:2 (1.0%); K:2 (1.0%); G:1 (0.5%); I:1 (0.5%),48.13,198
127,H,2.2628,7.58,K:117 (59.1%); S:20 (10.1%); H:15 (7.6%); Q:12 (6.1%); R:11 (5.6%); E:5 (2.5%); D:3 (1.5%); T:3 (1.5%); N:3 (1.5%); Y:3 (1.5%); A:2 (1.0%); M:1 (0.5%); G:1 (0.5%); L:1 (0.5%); F:1 (0.5%),42.21,198
128,P,0.8694,87.89,P:167 (87.9%); S:8 (4.2%); D:4 (2.1%); K:2 (1.1%); N:2 (1.1%); A:2 (1.1%); Q:2 (1.1%); L:1 (0.5%); H:1 (0.5%); G:1 (0.5%),79.78,190
129,G,2.3716,25.53,I:93 (49.5%); G:48 (25.5%); V:8 (4.3%); R:7 (3.7%); L:6 (3.2%); H:4 (2.1%); N:4 (2.1%); Y:3 (1.6%); M:3 (1.6%); A:3 (1.6%); S:3 (1.6%); C:2 (1.1%); F:2 (1.1%); W:1 (0.5%); Q:1 (0.5%),127.91,188
130,H,2.3437,48.98,H:96 (49.0%); N:49 (25.0%); C:14 (7.1%); T:8 (4.1%); V:6 (3.1%); L:6 (3.1%); P:3 (1.5%); A:3 (1.5%); F:2 (1.0%); D:2 (1.0%); Q:2 (1.0%); I:2 (1.0%); R:1 (0.5%); E:1 (0.5%); Y:1 (0.5%),84.81,196
131,L,2.4455,11.06,H:109 (54.8%); L:22 (11.1%); D:14 (7.0%); Q:12 (6.0%); V:11 (5.5%); R:11 (5.5%); K:4 (2.0%); I:4 (2.0%); G:3 (1.5%); T:2 (1.0%); E:2 (1.0%); C:1 (0.5%); S:1 (0.5%); A:1 (0.5%); N:1 (0.5%); Y:1 (0.5%),101.58,199
132,K,1.4593,10.05,R:152 (76.4%); K:20 (10.1%); L:7 (3.5%); T:4 (2.0%); Q:3 (1.5%); E:3 (1.5%); I:2 (1.0%); G:2 (1.0%); W:1 (0.5%); V:1 (0.5%); N:1 (0.5%); Y:1 (0.5%); S:1 (0.5%); A:1 (0.5%),35.82,199
133,L,0.8102,85.93,L:171 (85.9%); I:16 (8.0%); V:8 (4.0%); M:2 (1.0%); C:1 (0.5%); A:1 (0.5%),23.57,199
134,F,0.9396,83.0,F:166 (83.0%); Y:21 (10.5%); H:5 (2.5%); L:4 (2.0%); I:3 (1.5%); E:1 (0.5%),36.85,200
135,V,1.0461,80.0,V:160 (80.0%); L:27 (13.5%); I:7 (3.5%); S:1 (0.5%); F:1 (0.5%); A:1 (0.5%); Y:1 (0.5%); R:1 (0.5%); C:1 (0.5%),41.2,200
136,T,0.2396,96.5,T:193 (96.5%); S:6 (3.0%); A:1 (0.5%),58.0,200
137,R,1.1589,83.0,R:166 (83.0%); E:8 (4.0%); K:6 (3.0%); H:5 (2.5%); Q:5 (2.5%); T:4 (2.0%); I:2 (1.0%); D:1 (0.5%); L:1 (0.5%); N:1 (0.5%); V:1 (0.5%),53.12,200
138,I,0.4173,93.0,I:186 (93.0%); V:12 (6.0%); K:1 (0.5%); L:1 (0.5%),32.5,200
139,M,1.993,18.5,L:123 (61.5%); M:37 (18.5%); H:7 (3.5%); E:6 (3.0%); Q:5 (2.5%); D:5 (2.5%); F:5 (2.5%); K:3 (1.5%); R:3 (1.5%); Y:2 (1.0%); V:2 (1.0%); G:1 (0.5%); A:1 (0.5%),33.98,200
140,Q,2.0507,42.0,Q:84 (42.0%); K:77 (38.5%); H:13 (6.5%); E:6 (3.0%); G:6 (3.0%); A:4 (2.0%); S:4 (2.0%); R:2 (1.0%); N:2 (1.0%); I:1 (0.5%); T:1 (0.5%),52.19,200
141,D,1.8293,12.0,E:132 (66.0%); D:24 (12.0%); Q:15 (7.5%); S:8 (4.0%); K:7 (3.5%); N:4 (2.0%); Y:4 (2.0%); T:3 (1.5%); A:1 (0.5%); P:1 (0.5%); R:1 (0.5%),53.4,200
142,F,0.6157,91.5,F:183 (91.5%); Y:6 (3.0%); P:4 (2.0%); V:3 (1.5%); L:2 (1.0%); R:1 (0.5%); M:1 (0.5%),53.35,200
143,E,0.9141,84.5,E:169 (84.5%); D:20 (10.0%); T:3 (1.5%); H:2 (1.0%); K:2 (1.0%); A:1 (0.5%); P:1 (0.5%); L:1 (0.5%); S:1 (0.5%),55.0,200
144,S,1.392,68.0,S:136 (68.0%); C:41 (20.5%); G:11 (5.5%); A:8 (4.0%); T:3 (1.5%); Q:1 (0.5%),97.53,200
145,D,0.1361,98.5,D:197 (98.5%); Q:1 (0.5%); E:1 (0.5%); N:1 (0.5%),43.0,200
146,T,0.9104,85.5,T:171 (85.5%); V:12 (6.0%); A:10 (5.0%); G:2 (1.0%); M:1 (0.5%); R:1 (0.5%); I:1 (0.5%); Q:1 (0.5%); K:1 (0.5%),65.07,200
147,F,0.4781,93.47,F:186 (93.5%); Y:6 (3.0%); H:3 (1.5%); V:2 (1.0%); I:1 (0.5%); K:1 (0.5%),50.38,199
148,F,0.8593,83.92,F:167 (83.9%); L:22 (11.1%); I:6 (3.0%); M:2 (1.0%); V:1 (0.5%); Y:1 (0.5%),23.06,199
149,P,0.4494,94.47,P:188 (94.5%); K:4 (2.0%); A:2 (1.0%); S:1 (0.5%); Y:1 (0.5%); E:1 (0.5%); D:1 (0.5%); I:1 (0.5%),86.0,199
150,E,1.3721,80.2,E:158 (80.2%); D:10 (5.1%); S:7 (3.6%); N:5 (2.5%); H:3 (1.5%); L:2 (1.0%); A:2 (1.0%); I:2 (1.0%); K:2 (1.0%); G:1 (0.5%); Q:1 (0.5%); F:1 (0.5%); M:1 (0.5%); Y:1 (0.5%); P:1 (0.5%),72.26,197
151,I,0.8628,86.43,I:172 (86.4%); F:9 (4.5%); L:9 (4.5%); V:5 (2.5%); M:2 (1.0%); Y:1 (0.5%); C:1 (0.5%),23.33,199
152,D,1.4243,74.11,D:146 (74.1%); N:28 (14.2%); S:6 (3.0%); P:5 (2.5%); K:3 (1.5%); E:3 (1.5%); T:1 (0.5%); F:1 (0.5%); C:1 (0.5%); A:1 (0.5%); R:1 (0.5%); H:1 (0.5%),53.55,197
153,L,3.0961,26.56,L:51 (26.6%); H:43 (22.4%); Y:37 (19.3%); F:14 (7.3%); P:7 (3.6%); R:7 (3.6%); E:6 (3.1%); M:5 (2.6%); W:4 (2.1%); A:3 (1.6%); N:2 (1.0%); D:2 (1.0%); T:2 (1.0%); C:2 (1.0%); I:2 (1.0%); V:2 (1.0%); K:2 (1.0%); G:1 (0.5%),73.67,192
154,E,2.3217,21.11,K:91 (45.7%); E:42 (21.1%); N:22 (11.1%); D:22 (11.1%); S:7 (3.5%); T:5 (2.5%); Q:3 (1.5%); G:3 (1.5%); A:2 (1.0%); R:1 (0.5%); H:1 (0.5%),54.68,199
155,K,2.1927,33.33,D:90 (45.5%); K:66 (33.3%); E:9 (4.5%); N:6 (3.0%); V:5 (2.5%); S:5 (2.5%); R:4 (2.0%); T:4 (2.0%); Q:4 (2.0%); H:2 (1.0%); A:1 (0.5%); P:1 (0.5%); L:1 (0.5%),92.85,198
156,Y,0.9286,80.3,Y:159 (80.3%); F:32 (16.2%); W:2 (1.0%); L:2 (1.0%); M:1 (0.5%); K:1 (0.5%); T:1 (0.5%),27.26,198
157,K,1.6493,71.21,K:141 (71.2%); R:25 (12.6%); E:9 (4.5%); Q:4 (2.0%); T:4 (2.0%); S:4 (2.0%); V:3 (1.5%); I:2 (1.0%); N:2 (1.0%); C:1 (0.5%); A:1 (0.5%); L:1 (0.5%); H:1 (0.5%),57.75,198
158,L,1.18,82.83,L:164 (82.8%); K:10 (5.1%); E:5 (2.5%); R:4 (2.0%); H:3 (1.5%); V:3 (1.5%); P:2 (1.0%); Q:2 (1.0%); C:2 (1.0%); T:2 (1.0%); S:1 (0.5%),109.06,198
159,L,1.273,77.27,L:153 (77.3%); V:23 (11.6%); I:9 (4.5%); T:5 (2.5%); E:2 (1.0%); S:2 (1.0%); A:1 (0.5%); D:1 (0.5%); R:1 (0.5%); N:1 (0.5%),51.78,198
160,P,2.4174,28.28,T:86 (43.4%); P:56 (28.3%); S:18 (9.1%); A:7 (3.5%); D:6 (3.0%); K:6 (3.0%); E:5 (2.5%); I:4 (2.0%); Q:3 (1.5%); F:2 (1.0%); N:2 (1.0%); R:1 (0.5%); C:1 (0.5%); Y:1 (0.5%),55.77,198
161,E,1.455,79.29,E:157 (79.3%); D:9 (4.5%); G:5 (2.5%); P:5 (2.5%); K:4 (2.0%); N:3 (1.5%); S:3 (1.5%); R:2 (1.0%); Q:2 (1.0%); A:2 (1.0%); L:2 (1.0%); H:1 (0.5%); I:1 (0.5%); T:1 (0.5%); V:1 (0.5%),72.34,198
162,Y,1.5544,73.77,Y:135 (73.8%); F:23 (12.6%); D:4 (2.2%); V:4 (2.2%); E:3 (1.6%); A:3 (1.6%); Q:2 (1.1%); I:2 (1.1%); K:2 (1.1%); P:1 (0.5%); S:1 (0.5%); T:1 (0.5%); R:1 (0.5%); C:1 (0.5%),64.98,183
163,P,0.8956,87.43,P:160 (87.4%); S:5 (2.7%); E:5 (2.7%); D:4 (2.2%); A:3 (1.6%); R:2 (1.1%); Y:2 (1.1%); K:1 (0.5%); F:1 (0.5%),86.57,183
164,G,1.1311,84.15,G:154 (84.2%); D:7 (3.8%); S:7 (3.8%); E:4 (2.2%); I:2 (1.1%); M:1 (0.5%); V:1 (0.5%); C:1 (0.5%); A:1 (0.5%); Y:1 (0.5%); R:1 (0.5%); W:1 (0.5%); N:1 (0.5%); Q:1 (0.5%),96.21,183
165,V,0.7814,87.98,V:161 (88.0%); I:13 (7.1%); E:2 (1.1%); T:2 (1.1%); L:1 (0.5%); R:1 (0.5%); C:1 (0.5%); M:1 (0.5%); P:1 (0.5%),53.0,183
166,L,1.1984,11.96,P:146 (79.3%); L:22 (12.0%); S:4 (2.2%); N:2 (1.1%); D:2 (1.1%); G:2 (1.1%); E:2 (1.1%); A:1 (0.5%); T:1 (0.5%); K:1 (0.5%); F:1 (0.5%),101.28,184
167,S,2.3452,21.93,A:99 (52.9%); S:41 (21.9%); E:8 (4.3%); T:7 (3.7%); D:5 (2.7%); L:5 (2.7%); Q:5 (2.7%); V:3 (1.6%); P:3 (1.6%); K:3 (1.6%); H:2 (1.1%); G:2 (1.1%); R:1 (0.5%); Y:1 (0.5%); W:1 (0.5%); N:1 (0.5%),95.62,187
168,D,1.5767,62.96,D:119 (63.0%); E:31 (16.4%); G:30 (15.9%); N:4 (2.1%); A:2 (1.1%); F:1 (0.5%); H:1 (0.5%); P:1 (0.5%),70.36,189
169,V,1.7808,24.34,I:110 (58.2%); V:46 (24.3%); L:18 (9.5%); T:5 (2.6%); F:2 (1.1%); A:2 (1.1%); K:2 (1.1%); M:1 (0.5%); D:1 (0.5%); S:1 (0.5%); R:1 (0.5%),34.45,189
170,Q,0.7747,90.16,Q:174 (90.2%); F:4 (2.1%); D:3 (1.6%); E:2 (1.0%); R:2 (1.0%); H:2 (1.0%); T:2 (1.0%); M:1 (0.5%); L:1 (0.5%); I:1 (0.5%); N:1 (0.5%),68.0,193
171,E,0.7358,90.16,E:174 (90.2%); T:6 (3.1%); K:3 (1.6%); R:2 (1.0%); S:2 (1.0%); I:2 (1.0%); Q:2 (1.0%); V:1 (0.5%); N:1 (0.5%),69.21,193
172,E,0.4652,94.33,E:183 (94.3%); D:3 (1.5%); K:2 (1.0%); G:2 (1.0%); T:1 (0.5%); Q:1 (0.5%); P:1 (0.5%); R:1 (0.5%),62.18,194
173,K,1.2863,20.21,N:138 (71.5%); K:39 (20.2%); D:5 (2.6%); G:5 (2.6%); S:3 (1.6%); E:2 (1.0%); V:1 (0.5%),95.35,193
174,G,0.7283,90.31,G:177 (90.3%); S:5 (2.6%); N:5 (2.6%); D:3 (1.5%); R:1 (0.5%); T:1 (0.5%); V:1 (0.5%); E:1 (0.5%); A:1 (0.5%); P:1 (0.5%),76.58,196
175,I,0.9126,84.69,I:166 (84.7%); V:15 (7.7%); L:8 (4.1%); Y:3 (1.5%); T:2 (1.0%); H:1 (0.5%); F:1 (0.5%),28.9,196
176,K,1.9887,24.1,Q:112 (57.4%); K:47 (24.1%); R:6 (3.1%); T:6 (3.1%); S:5 (2.6%); H:4 (2.1%); A:4 (2.1%); E:3 (1.5%); N:3 (1.5%); P:2 (1.0%); D:2 (1.0%); G:1 (0.5%),58.8,195
177,Y,0.6767,87.37,Y:173 (87.4%); F:20 (10.1%); H:2 (1.0%); W:2 (1.0%); L:1 (0.5%),28.64,198
178,K,1.5904,75.25,K:149 (75.3%); R:14 (7.1%); T:8 (4.0%); E:8 (4.0%); V:4 (2.0%); Q:3 (1.5%); G:2 (1.0%); L:2 (1.0%); H:2 (1.0%); S:1 (0.5%); C:1 (0.5%); I:1 (0.5%); F:1 (0.5%); Y:1 (0.5%); N:1 (0.5%),65.73,198
179,F,1.0346,81.82,F:162 (81.8%); Y:20 (10.1%); I:6 (3.0%); H:4 (2.0%); V:3 (1.5%); L:2 (1.0%); M:1 (0.5%),33.0,198
180,E,1.2926,81.82,E:162 (81.8%); Q:7 (3.5%); C:5 (2.5%); K:5 (2.5%); R:4 (2.0%); H:4 (2.0%); S:3 (1.5%); F:2 (1.0%); G:1 (0.5%); V:1 (0.5%); W:1 (0.5%); L:1 (0.5%); N:1 (0.5%); A:1 (0.5%),80.19,198
181,V,0.9668,85.86,V:170 (85.9%); I:10 (5.1%); Y:5 (2.5%); T:4 (2.0%); K:3 (1.5%); M:2 (1.0%); C:1 (0.5%); F:1 (0.5%); L:1 (0.5%); R:1 (0.5%),55.14,198
182,Y,0.7115,89.39,Y:177 (89.4%); W:10 (5.1%); L:4 (2.0%); F:3 (1.5%); R:2 (1.0%); I:1 (0.5%); T:1 (0.5%),40.9,198
183,E,1.136,83.76,E:165 (83.8%); K:9 (4.6%); D:4 (2.0%); R:3 (1.5%); V:3 (1.5%); T:3 (1.5%); S:3 (1.5%); Q:3 (1.5%); A:2 (1.0%); M:1 (0.5%); H:1 (0.5%),65.97,197
184,K,1.322,78.17,K:154 (78.2%); S:17 (8.6%); R:12 (6.1%); G:3 (1.5%); V:3 (1.5%); M:1 (0.5%); Y:1 (0.5%); I:1 (0.5%); P:1 (0.5%); D:1 (0.5%); L:1 (0.5%); N:1 (0.5%); E:1 (0.5%),88.0,197
185,N,2.7792,16.84,A:72 (36.7%); N:33 (16.8%); T:29 (14.8%); K:17 (8.7%); I:14 (7.1%); V:12 (6.1%); S:5 (2.6%); R:4 (2.0%); L:3 (1.5%); H:2 (1.0%); G:2 (1.0%); P:2 (1.0%); Q:1 (0.5%),102.54,196
186,D,2.6055,12.7,V:96 (50.8%); D:24 (12.7%); E:15 (7.9%); N:13 (6.9%); A:8 (4.2%); I:7 (3.7%); S:6 (3.2%); K:4 (2.1%); Q:4 (2.1%); G:3 (1.6%); P:2 (1.1%); T:2 (1.1%); R:2 (1.1%); Y:2 (1.1%); H:1 (0.5%),121.51,189
