pdb_id,mutation,ligand,best_affinity_kcal_mol,mode_rank,pose_file,protocol_id
1U72,wild-type,methotrexate,-10.21,1,/Volumes/external_storage/projects/dhfr-pipeline/data/docking/1U72_docked.pdbqt,vina_default_v1
1U72,wild-type,methotrexate,-10.12,2,/Volumes/external_storage/projects/dhfr-pipeline/data/docking/1U72_docked.pdbqt,vina_default_v1
1U72,wild-type,methotrexate,-9.197,3,/Volumes/external_storage/projects/dhfr-pipeline/data/docking/1U72_docked.pdbqt,vina_default_v1
1U72,wild-type,methotrexate,-8.874,4,/Volumes/external_storage/projects/dhfr-pipeline/data/docking/1U72_docked.pdbqt,vina_default_v1
1U72,wild-type,methotrexate,-8.86,5,/Volumes/external_storage/projects/dhfr-pipeline/data/docking/1U72_docked.pdbqt,vina_default_v1
1U72,wild-type,methotrexate,-8.815,6,/Volumes/external_storage/projects/dhfr-pipeline/data/docking/1U72_docked.pdbqt,vina_default_v1
1U72,wild-type,methotrexate,-8.595,7,/Volumes/external_storage/projects/dhfr-pipeline/data/docking/1U72_docked.pdbqt,vina_default_v1
1U72,wild-type,methotrexate,-8.53,8,/Volumes/external_storage/projects/dhfr-pipeline/data/docking/1U72_docked.pdbqt,vina_default_v1
1U72,wild-type,methotrexate,-8.052,9,/Volumes/external_storage/projects/dhfr-pipeline/data/docking/1U72_docked.pdbqt,vina_default_v1
1DLR,L22F,methotrexate,-8.971,1,/Volumes/external_storage/projects/dhfr-pipeline/data/docking/1DLR_docked.pdbqt,vina_default_v1
1DLR,L22F,methotrexate,-8.326,2,/Volumes/external_storage/projects/dhfr-pipeline/data/docking/1DLR_docked.pdbqt,vina_default_v1
1DLR,L22F,methotrexate,-8.306,3,/Volumes/external_storage/projects/dhfr-pipeline/data/docking/1DLR_docked.pdbqt,vina_default_v1
1DLR,L22F,methotrexate,-8.18,4,/Volumes/external_storage/projects/dhfr-pipeline/data/docking/1DLR_docked.pdbqt,vina_default_v1
1DLR,L22F,methotrexate,-8.145,5,/Volumes/external_storage/projects/dhfr-pipeline/data/docking/1DLR_docked.pdbqt,vina_default_v1
1DLR,L22F,methotrexate,-8.044,6,/Volumes/external_storage/projects/dhfr-pipeline/data/docking/1DLR_docked.pdbqt,vina_default_v1
1DLR,L22F,methotrexate,-7.95,7,/Volumes/external_storage/projects/dhfr-pipeline/data/docking/1DLR_docked.pdbqt,vina_default_v1
1DLR,L22F,methotrexate,-7.922,8,/Volumes/external_storage/projects/dhfr-pipeline/data/docking/1DLR_docked.pdbqt,vina_default_v1
1DLR,L22F,methotrexate,-7.784,9,/Volumes/external_storage/projects/dhfr-pipeline/data/docking/1DLR_docked.pdbqt,vina_default_v1
1DLS,L22Y,methotrexate,-10.39,1,/Volumes/external_storage/projects/dhfr-pipeline/data/docking/1DLS_docked.pdbqt,vina_default_v1
1DLS,L22Y,methotrexate,-9.826,2,/Volumes/external_storage/projects/dhfr-pipeline/data/docking/1DLS_docked.pdbqt,vina_default_v1
1DLS,L22Y,methotrexate,-9.28,3,/Volumes/external_storage/projects/dhfr-pipeline/data/docking/1DLS_docked.pdbqt,vina_default_v1
1DLS,L22Y,methotrexate,-9.208,4,/Volumes/external_storage/projects/dhfr-pipeline/data/docking/1DLS_docked.pdbqt,vina_default_v1
1DLS,L22Y,methotrexate,-9.197,5,/Volumes/external_storage/projects/dhfr-pipeline/data/docking/1DLS_docked.pdbqt,vina_default_v1
1DLS,L22Y,methotrexate,-8.991,6,/Volumes/external_storage/projects/dhfr-pipeline/data/docking/1DLS_docked.pdbqt,vina_default_v1
1DLS,L22Y,methotrexate,-8.746,7,/Volumes/external_storage/projects/dhfr-pipeline/data/docking/1DLS_docked.pdbqt,vina_default_v1
1DLS,L22Y,methotrexate,-8.6,8,/Volumes/external_storage/projects/dhfr-pipeline/data/docking/1DLS_docked.pdbqt,vina_default_v1
1DLS,L22Y,methotrexate,-8.044,9,/Volumes/external_storage/projects/dhfr-pipeline/data/docking/1DLS_docked.pdbqt,vina_default_v1
3EIG,F31R/Q35E,methotrexate,-10.55,1,/Volumes/external_storage/projects/dhfr-pipeline/data/docking/3EIG_docked.pdbqt,vina_default_v1
3EIG,F31R/Q35E,methotrexate,-10.51,2,/Volumes/external_storage/projects/dhfr-pipeline/data/docking/3EIG_docked.pdbqt,vina_default_v1
3EIG,F31R/Q35E,methotrexate,-10.5,3,/Volumes/external_storage/projects/dhfr-pipeline/data/docking/3EIG_docked.pdbqt,vina_default_v1
3EIG,F31R/Q35E,methotrexate,-9.692,4,/Volumes/external_storage/projects/dhfr-pipeline/data/docking/3EIG_docked.pdbqt,vina_default_v1
3EIG,F31R/Q35E,methotrexate,-9.31,5,/Volumes/external_storage/projects/dhfr-pipeline/data/docking/3EIG_docked.pdbqt,vina_default_v1
3EIG,F31R/Q35E,methotrexate,-9.221,6,/Volumes/external_storage/projects/dhfr-pipeline/data/docking/3EIG_docked.pdbqt,vina_default_v1
3EIG,F31R/Q35E,methotrexate,-8.831,7,/Volumes/external_storage/projects/dhfr-pipeline/data/docking/3EIG_docked.pdbqt,vina_default_v1
3EIG,F31R/Q35E,methotrexate,-8.807,8,/Volumes/external_storage/projects/dhfr-pipeline/data/docking/3EIG_docked.pdbqt,vina_default_v1
3EIG,F31R/Q35E,methotrexate,-8.707,9,/Volumes/external_storage/projects/dhfr-pipeline/data/docking/3EIG_docked.pdbqt,vina_default_v1
3F8Z,Q35S/N64S,methotrexate,-8.975,1,/Volumes/external_storage/projects/dhfr-pipeline/data/docking/3F8Z_docked.pdbqt,vina_default_v1
3F8Z,Q35S/N64S,methotrexate,-8.825,2,/Volumes/external_storage/projects/dhfr-pipeline/data/docking/3F8Z_docked.pdbqt,vina_default_v1
3F8Z,Q35S/N64S,methotrexate,-8.819,3,/Volumes/external_storage/projects/dhfr-pipeline/data/docking/3F8Z_docked.pdbqt,vina_default_v1
3F8Z,Q35S/N64S,methotrexate,-8.759,4,/Volumes/external_storage/projects/dhfr-pipeline/data/docking/3F8Z_docked.pdbqt,vina_default_v1
3F8Z,Q35S/N64S,methotrexate,-8.706,5,/Volumes/external_storage/projects/dhfr-pipeline/data/docking/3F8Z_docked.pdbqt,vina_default_v1
3F8Z,Q35S/N64S,methotrexate,-8.661,6,/Volumes/external_storage/projects/dhfr-pipeline/data/docking/3F8Z_docked.pdbqt,vina_default_v1
3F8Z,Q35S/N64S,methotrexate,-8.302,7,/Volumes/external_storage/projects/dhfr-pipeline/data/docking/3F8Z_docked.pdbqt,vina_default_v1
3F8Z,Q35S/N64S,methotrexate,-8.236,8,/Volumes/external_storage/projects/dhfr-pipeline/data/docking/3F8Z_docked.pdbqt,vina_default_v1
3F8Z,Q35S/N64S,methotrexate,-8.186,9,/Volumes/external_storage/projects/dhfr-pipeline/data/docking/3F8Z_docked.pdbqt,vina_default_v1
