pdb_id,position,expected_wt_residue,observed_residue,is_mutated_at_this_position,ligand_code,ligand_name,min_distance_to_ligand_angstrom,contact_type
1U72,22,L,L,False,MTX,methotrexate,3.63,direct contact (<4.0 A)
1U72,31,F,F,False,MTX,methotrexate,3.44,direct contact (<4.0 A)
1U72,35,Q,Q,False,MTX,methotrexate,3.29,direct contact (<4.0 A)
1U72,64,N,N,False,MTX,methotrexate,2.76,direct contact (<4.0 A)
1DLR,22,L,F,True,MXA,"6-(2,5-dimethoxybenzyl)-5-methylpyrido[2,3-d]pyrimidine-2,4-diamine (methotrexate analog)",2.96,direct contact (<4.0 A)
1DLR,31,F,F,False,MXA,"6-(2,5-dimethoxybenzyl)-5-methylpyrido[2,3-d]pyrimidine-2,4-diamine (methotrexate analog)",3.68,direct contact (<4.0 A)
1DLR,35,Q,Q,False,MXA,"6-(2,5-dimethoxybenzyl)-5-methylpyrido[2,3-d]pyrimidine-2,4-diamine (methotrexate analog)",6.41,no direct contact (>5.0 A)
1DLR,64,N,N,False,MXA,"6-(2,5-dimethoxybenzyl)-5-methylpyrido[2,3-d]pyrimidine-2,4-diamine (methotrexate analog)",3.75,direct contact (<4.0 A)
1DLS,22,L,Y,True,MTX,methotrexate,3.95,direct contact (<4.0 A)
1DLS,31,F,F,False,MTX,methotrexate,3.23,direct contact (<4.0 A)
1DLS,35,Q,Q,False,MTX,methotrexate,3.58,direct contact (<4.0 A)
1DLS,64,N,N,False,MTX,methotrexate,2.64,direct contact (<4.0 A)
3EIG,22,L,L,False,MTX,methotrexate,3.72,direct contact (<4.0 A)
3EIG,31,F,R,True,MTX,methotrexate,3.45,direct contact (<4.0 A)
3EIG,35,Q,E,True,MTX,methotrexate,3.14,direct contact (<4.0 A)
3EIG,64,N,N,False,MTX,methotrexate,2.85,direct contact (<4.0 A)
3F8Z,22,L,L,False,DH1,PY957 (non-methotrexate inhibitor),4.37,van der Waals contact (4.0-5.0 A)
3F8Z,31,F,F,False,DH1,PY957 (non-methotrexate inhibitor),3.76,direct contact (<4.0 A)
3F8Z,35,Q,S,True,DH1,PY957 (non-methotrexate inhibitor),2.84,direct contact (<4.0 A)
3F8Z,64,N,S,True,DH1,PY957 (non-methotrexate inhibitor),4.21,van der Waals contact (4.0-5.0 A)
